nickname,datetime
쿠키,2026-01-13 10:08
빙봉,2026-01-13 10:07
빙티,2026-01-13 10:07
이든,2026-01-13 10:07
빙봉,2026-01-12 11:11
이든,2026-01-12 10:06
짱수,2026-01-12 10:00
빙봉,2026-01-11 10:02
쿠키,2026-01-11 10:02
빙티,2026-01-10 10:08
빙봉,2026-01-10 10:06
이든,2026-01-10 10:02
쿠키,2026-01-10 10:01
짱수,2026-01-10 10:00
쿠키,2026-01-09 13:03
빙봉,2026-01-09 13:02
이든,2026-01-09 13:01
짱수,2026-01-09 13:00
빙봉,2026-01-06 10:08
이든,2026-01-06 10:07
빙티,2026-01-06 10:01
짱수,2026-01-06 10:00
쿠키,2026-01-05 10:07
빙봉,2026-01-05 10:06
빙티,2026-01-05 10:06
짱수,2026-01-05 10:00
이든,2026-01-04 10:08
빙봉,2026-01-04 10:07
빙티,2026-01-04 10:02
쿠키,2026-01-04 10:02
짱수,2026-01-04 10:00
빙티,2026-01-03 10:07
이든,2026-01-03 10:06
쿠키,2026-01-03 10:06
빙봉,2026-01-03 10:03
짱수,2026-01-03 10:00
빙봉,2026-01-02 13:06
이든,2026-01-02 13:02
쿠키,2026-01-02 13:01
빙티,2026-01-02 13:00
짱수,2026-01-02 13:00
장주형,2026-01-06 11:16
장주형,2026-01-07 11:17
짱수,2024-12-13 33:71
짱수,2024-12-13 08:00
짱수,2024-12-13 33:71
짱수,2024-12-13 08:00